City_ID,City_ID,City,Country,Date,Lat,Lng,Max Temp,Humidity,Cloudiness,Wind Speed
0,0,Pontal Do Parana,BR,2021-11-27 18:21:03,-25.6533,-48.5128,89.26,61,5,8.12
1,1,Bathsheba,BB,2021-11-27 18:21:03,13.2167,-59.5167,86.61,74,40,11.5
2,2,Hilo,US,2021-11-27 18:21:04,19.7297,-155.09,69.53,60,75,5.75
3,3,Lompoc,US,2021-11-27 18:21:04,34.6391,-120.4579,68.72,19,1,5.75
4,4,Port Alfred,ZA,2021-11-27 18:21:05,-33.5906,26.891,66.56,93,47,14.43
5,5,Nome,US,2021-11-27 18:20:11,64.5011,-165.4064,-11.13,58,1,0.0
6,6,Mataura,NZ,2021-11-27 18:21:06,-46.1927,168.8643,39.47,95,57,1.88
7,7,Bredasdorp,ZA,2021-11-27 18:21:06,-34.5322,20.0403,70.2,52,88,9.78
8,8,Butaritari,KI,2021-11-27 18:21:07,3.0707,172.7902,81.95,76,74,21.0
9,9,Muhos,FI,2021-11-27 18:21:07,64.808,25.9931,6.58,96,72,3.67
10,10,Hohhot,CN,2021-11-27 18:21:08,40.8106,111.6522,35.89,80,20,4.47
11,11,Sept-Iles,CA,2021-11-27 18:21:08,50.2001,-66.3821,41.52,100,90,5.75
12,12,Hermanus,ZA,2021-11-27 18:21:09,-34.4187,19.2345,65.97,73,98,19.51
13,13,Nakhon Thai,TH,2021-11-27 18:21:09,17.1006,100.8374,66.88,87,63,3.44
14,14,Saskylakh,RU,2021-11-27 18:21:10,71.9167,114.0833,-5.55,93,92,10.02
15,15,Severo-Kurilsk,RU,2021-11-27 18:21:10,50.6789,156.125,28.26,68,89,24.83
16,16,Puerto Ayora,EC,2021-11-27 18:21:11,-0.7393,-90.3518,73.36,72,74,11.01
17,17,Rikitea,PF,2021-11-27 18:21:11,-23.1203,-134.9692,75.88,76,22,14.47
18,18,New Norfolk,AU,2021-11-27 18:21:12,-42.7826,147.0587,45.9,97,1,2.84
19,19,Kindu,CD,2021-11-27 18:21:12,-2.95,25.95,72.37,91,63,2.08
20,20,Hobart,AU,2021-11-27 18:21:13,-42.8794,147.3294,46.26,87,0,8.05
21,21,Ushuaia,AR,2021-11-27 18:16:51,-54.8,-68.3,53.26,40,0,5.75
22,22,Kaohsiung,TW,2021-11-27 18:21:13,22.6163,120.3133,73.35,88,75,5.75
23,23,Quatre Cocos,MU,2021-11-27 18:21:14,-20.2078,57.7625,75.31,71,13,8.12
24,24,Avera,US,2021-11-27 18:21:14,33.194,-82.5271,60.31,27,2,3.44
25,25,Carnarvon,AU,2021-11-27 18:21:15,-24.8667,113.6333,77.07,57,0,14.97
26,26,Yar-Sale,RU,2021-11-27 18:21:15,66.8333,70.8333,4.6,97,100,4.97
27,27,Lebu,CL,2021-11-27 18:21:16,-37.6167,-73.65,58.1,68,4,15.84
28,28,Puri,IN,2021-11-27 18:21:16,19.8,85.85,72.12,72,77,10.13
29,29,Vaini,TO,2021-11-27 18:21:17,-21.2,-175.2,78.96,94,75,6.91
30,30,Albany,US,2021-11-27 18:21:17,42.6001,-73.9662,30.85,55,17,15.17
31,31,Montanha,BR,2021-11-27 18:21:18,-18.1269,-40.3633,71.1,82,100,9.06
32,32,Los Llanos De Aridane,ES,2021-11-27 18:21:18,28.6585,-17.9182,60.55,77,40,13.8
33,33,Namibe,AO,2021-11-27 18:21:18,-15.1961,12.1522,70.36,69,57,10.65
34,34,Bambous Virieux,MU,2021-11-27 18:21:19,-20.3428,57.7575,75.45,78,20,4.61
35,35,Clyde River,CA,2021-11-27 18:21:19,70.4692,-68.5914,8.83,85,90,0.0
36,36,Hofn,IS,2021-11-27 18:21:20,64.2539,-15.2082,35.29,55,100,7.43
37,37,Jamestown,US,2021-11-27 18:17:38,42.097,-79.2353,33.39,69,90,10.36
38,38,Punta Arenas,CL,2021-11-27 18:21:21,-53.15,-70.9167,57.31,41,75,19.57
39,39,Iqaluit,CA,2021-11-27 18:21:21,63.7506,-68.5145,24.53,74,90,9.22
40,40,Iraray,PH,2021-11-27 18:21:21,8.9936,118.0511,78.15,85,99,3.65
41,41,Atuona,PF,2021-11-27 18:21:22,-9.8,-139.0333,77.99,78,21,20.71
42,42,Kavaratti,IN,2021-11-27 18:21:22,10.5669,72.642,82.27,74,82,3.91
43,43,Nanortalik,GL,2021-11-27 18:21:23,60.1432,-45.2371,43.59,88,97,14.2
44,44,Avarua,CK,2021-11-27 18:21:23,-21.2078,-159.775,78.85,89,75,8.05
45,45,Ulaanbaatar,MN,2021-11-27 18:21:24,47.9077,106.8832,14.13,85,90,6.71
46,46,Bouna,CI,2021-11-27 18:21:24,9.2667,-3.0,88.41,26,96,3.24
47,47,Ogaminana,NG,2021-11-27 18:21:25,7.5946,6.2248,84.54,44,53,2.82
48,48,Maksatikha,RU,2021-11-27 18:21:25,57.797,35.8825,32.99,98,100,8.75
49,49,La Libertad,EC,2021-11-27 18:21:26,-2.2333,-80.9,74.86,78,90,9.22
50,50,Sao Paulo De Olivenca,BR,2021-11-27 18:21:26,-3.3783,-68.8725,91.0,52,71,3.11
51,51,Bengkulu,ID,2021-11-27 18:21:27,-3.8004,102.2655,76.21,89,100,2.93
52,52,Barrow,US,2021-11-27 18:17:13,71.2906,-156.7887,-14.78,76,90,0.0
53,53,Solnechnyy,RU,2021-11-27 18:21:27,50.7214,136.6319,12.67,94,55,5.39
54,54,Arraial Do Cabo,BR,2021-11-27 18:21:28,-22.9661,-42.0278,85.96,78,40,13.8
55,55,Ponta Do Sol,PT,2021-11-27 18:21:28,32.6667,-17.1,65.03,71,24,7.47
56,56,Busselton,AU,2021-11-27 18:21:29,-33.65,115.3333,64.47,65,0,6.33
57,57,Vila Franca Do Campo,PT,2021-11-27 18:21:29,37.7167,-25.4333,61.21,73,52,7.29
58,58,San Andres,CO,2021-11-27 18:21:30,12.5847,-81.7006,86.02,70,40,14.97
59,59,Pisco,PE,2021-11-27 18:21:30,-13.7,-76.2167,69.85,73,95,10.36
60,60,Castro,BR,2021-11-27 18:21:31,-24.7911,-50.0119,79.99,45,1,5.32
61,61,Chuy,UY,2021-11-27 18:21:31,-33.6971,-53.4616,73.29,69,92,12.39
62,62,Auki,SB,2021-11-27 18:21:32,-8.7676,160.7034,76.59,87,100,4.23
63,63,Husavik,IS,2021-11-27 18:21:32,66.0449,-17.3389,33.71,80,95,17.45
64,64,Haines Junction,CA,2021-11-27 18:21:33,60.7522,-137.5108,-7.65,84,100,2.3
65,65,Port Lincoln,AU,2021-11-27 18:21:33,-34.7333,135.8667,56.23,82,16,11.63
66,66,Tuy Hoa,VN,2021-11-27 18:21:34,13.0833,109.3,76.06,97,100,13.24
67,67,Morro Bay,US,2021-11-27 18:19:15,35.3658,-120.8499,68.45,33,40,5.48
68,68,Merauke,ID,2021-11-27 18:21:34,-8.4667,140.3333,80.98,75,99,2.33
69,69,Skjervoy,NO,2021-11-27 18:21:35,70.0311,20.9714,23.59,65,27,13.85
70,70,Doha,QA,2021-11-27 18:16:50,25.2867,51.5333,76.98,57,0,9.22
71,71,Anadyr,RU,2021-11-27 18:21:35,64.75,177.4833,-5.3,77,0,2.24
72,72,Victoria,HK,2021-11-27 18:21:36,22.2855,114.1577,69.78,66,46,9.48
73,73,Yei,SS,2021-11-27 18:21:36,4.095,30.6779,71.37,77,66,1.7
74,74,Tiksi,RU,2021-11-27 18:21:37,71.6872,128.8694,-3.96,98,97,5.93
75,75,Zeya,RU,2021-11-27 18:21:38,53.75,127.2667,17.71,70,100,2.98
76,76,Coihaique,CL,2021-11-27 18:20:02,-45.5752,-72.0662,63.21,36,0,9.22
77,77,Vulcan,RO,2021-11-27 18:21:38,45.3833,23.2667,38.7,93,53,3.67
78,78,Bac Lieu,VN,2021-11-27 18:21:39,9.285,105.7244,72.77,90,96,9.71
79,79,Lagoa,PT,2021-11-27 18:21:39,39.05,-27.9833,60.89,66,13,9.28
80,80,Te Anau,NZ,2021-11-27 18:21:39,-45.4167,167.7167,39.33,94,67,0.83
81,81,Torbay,CA,2021-11-27 18:21:40,47.6666,-52.7314,48.97,93,90,16.11
82,82,Comodoro Rivadavia,AR,2021-11-27 18:21:40,-45.8667,-67.5,67.86,18,0,10.36
83,83,Linxia,CN,2021-11-27 18:21:41,35.6003,103.2064,34.95,51,5,0.98
84,84,Dauphin,CA,2021-11-27 18:21:41,51.1494,-100.0502,28.54,69,1,21.85
85,85,Thabazimbi,ZA,2021-11-27 18:21:42,-24.5917,27.4116,71.71,51,41,8.79
86,86,Taldan,RU,2021-11-27 18:21:42,53.6667,124.8,12.34,86,100,2.98
87,87,Mahebourg,MU,2021-11-27 18:21:43,-20.4081,57.7,75.49,78,20,4.61
88,88,Ozernovskiy,RU,2021-11-27 18:21:43,51.5,156.5167,25.54,87,100,14.94
89,89,Kulhudhuffushi,MV,2021-11-27 18:21:44,6.6221,73.07,80.69,78,100,9.95
90,90,Solvychegodsk,RU,2021-11-27 18:21:44,61.3305,46.9156,24.1,98,100,2.75
91,91,Thompson,CA,2021-11-27 18:20:15,55.7435,-97.8558,26.76,86,90,9.22
92,92,Saint George,US,2021-11-27 18:17:39,37.1041,-113.5841,61.27,25,1,0.0
93,93,Cidreira,BR,2021-11-27 18:21:45,-30.1811,-50.2056,72.59,84,62,13.96
94,94,Dikson,RU,2021-11-27 18:21:45,73.5069,80.5464,-10.88,97,100,10.33
95,95,Ulladulla,AU,2021-11-27 18:21:46,-35.35,150.4667,56.77,84,100,11.05
96,96,Egvekinot,RU,2021-11-27 18:21:47,66.3167,-179.1667,-17.1,87,2,6.26
97,97,Bluff,NZ,2021-11-27 18:21:48,-46.6,168.3333,45.25,80,52,5.95
98,98,Qaanaaq,GL,2021-11-27 18:21:48,77.484,-69.3632,1.9,96,100,2.8
99,99,Georgetown,MY,2021-11-27 18:18:13,5.4112,100.3354,80.55,83,20,0.0
100,100,Bethel,US,2021-11-27 18:21:49,41.3712,-73.414,43.16,38,1,14.97
101,101,Bairiki,KI,2021-11-27 18:21:49,1.3292,172.9752,80.6,74,40,19.57
102,102,Dayong,CN,2021-11-27 18:21:50,25.0209,118.2898,67.68,71,83,5.97
103,103,Khatanga,RU,2021-11-27 18:21:50,71.9667,102.5,-3.26,90,100,15.73
104,104,Porto Belo,BR,2021-11-27 18:21:51,-27.1578,-48.5531,78.75,75,49,9.51
105,105,Geraldton,AU,2021-11-27 18:21:51,-28.7667,114.6,63.01,63,0,6.91
106,106,Oktyabrskiy,RU,2021-11-27 18:21:52,54.4815,53.471,11.23,89,54,5.93
107,107,Itaituba,BR,2021-11-27 18:17:29,-4.2761,-55.9836,82.56,89,90,2.3
108,108,Dingle,PH,2021-11-27 18:21:53,10.9995,122.6711,76.62,92,54,6.96
109,109,Freehold,US,2021-11-27 18:21:53,40.2601,-74.2738,40.82,41,1,14.97
110,110,Mankato,US,2021-11-27 18:18:55,44.1636,-93.9994,45.73,56,1,14.97
111,111,Souillac,MU,2021-11-27 18:21:54,-20.5167,57.5167,75.58,78,20,4.61
112,112,Upernavik,GL,2021-11-27 18:21:54,72.7868,-56.1549,14.13,94,98,4.47
113,113,Porto Walter,BR,2021-11-27 18:21:55,-8.2686,-72.7439,85.77,61,84,3.04
114,114,Whyalla,AU,2021-11-27 18:21:55,-33.0333,137.5833,55.29,94,79,5.75
115,115,Sao Miguel Do Araguaia,BR,2021-11-27 18:21:56,-13.275,-50.1628,87.04,58,41,3.78
116,116,Naze,JP,2021-11-27 18:21:56,28.3667,129.4833,61.83,63,7,20.24
117,117,Hokitika,NZ,2021-11-27 18:21:57,-42.7167,170.9667,53.19,94,100,9.19
118,118,Vila Velha,BR,2021-11-27 18:21:57,-20.3297,-40.2925,76.95,78,90,16.11
119,119,Hasaki,JP,2021-11-27 18:21:58,35.7333,140.8333,37.8,51,0,13.85
120,120,Markova,UA,2021-11-27 18:21:58,48.6758,24.4138,27.99,87,79,5.17
121,121,Prince Rupert,CA,2021-11-27 18:21:58,54.3161,-130.3201,46.49,76,90,26.46
122,122,Sitka,US,2021-11-27 18:21:59,57.0531,-135.33,37.29,70,90,0.0
123,123,Baiyin,CN,2021-11-27 18:21:59,36.5583,104.2081,23.88,83,2,2.89
124,124,Praia Da Vitoria,PT,2021-11-27 18:22:00,38.7333,-27.0667,62.85,77,75,7.92
125,125,Kedrovyy,RU,2021-11-27 18:22:00,56.1667,91.8167,16.21,91,100,12.93
126,126,Kadoma,JP,2021-11-27 18:22:01,34.7333,135.5833,49.98,59,7,2.98
127,127,Narsaq,GL,2021-11-27 18:22:02,60.9167,-46.05,35.82,98,100,10.04
128,128,Labrea,BR,2021-11-27 18:22:02,-7.2586,-64.7981,87.51,64,98,5.99
129,129,Matipo,BR,2021-11-27 18:22:03,-20.2839,-42.3411,70.63,83,97,10.31
130,130,Kapaa,US,2021-11-27 18:22:03,22.0752,-159.319,71.58,83,40,5.75
131,131,Makakilo City,US,2021-11-27 18:22:04,21.3469,-158.0858,71.92,75,75,3.44
132,132,Sinjar,IQ,2021-11-27 18:22:04,36.3209,41.8754,59.5,48,98,3.8
133,133,Darlawn,IN,2021-11-27 18:22:04,24.0167,92.9,53.42,82,25,2.98
134,134,Nago,JP,2021-11-27 18:22:05,26.5881,127.9761,71.67,57,71,21.39
135,135,Faanui,PF,2021-11-27 18:22:05,-16.4833,-151.75,81.32,73,18,17.83
136,136,Cabo San Lucas,MX,2021-11-27 18:22:06,22.8909,-109.9124,77.31,64,90,6.91
137,137,Mount Isa,AU,2021-11-27 18:22:06,-20.7333,139.5,74.97,33,0,16.11
138,138,Sinnamary,GF,2021-11-27 18:22:07,5.3833,-52.95,83.08,74,41,10.42
139,139,Kodiak,US,2021-11-27 18:22:07,57.79,-152.4072,6.31,78,40,6.91
140,140,Shumikha,RU,2021-11-27 18:22:08,55.2261,63.2961,20.03,89,43,9.95
141,141,La Ronge,CA,2021-11-27 18:22:08,55.1001,-105.2842,28.65,46,1,11.5
142,142,Usevya,TZ,2021-11-27 18:22:09,-7.1,31.2333,72.28,63,40,3.18
143,143,Viransehir,TR,2021-11-27 18:22:09,37.2353,39.7631,56.37,63,100,3.83
144,144,Celestun,MX,2021-11-27 18:22:10,20.8667,-90.4,81.75,53,22,3.96
145,145,Alofi,NU,2021-11-27 18:22:10,-19.0595,-169.9187,76.89,94,99,2.3
146,146,Kushiro,JP,2021-11-27 18:20:36,42.975,144.3747,34.54,66,46,16.8
147,147,Cape Town,ZA,2021-11-27 18:22:11,-33.9258,18.4232,64.81,88,75,14.97
148,148,Bonavista,CA,2021-11-27 18:22:11,48.6499,-53.1147,50.0,91,97,20.76
149,149,Agirish,RU,2021-11-27 18:22:11,61.9247,63.0231,29.82,77,49,14.9
150,150,Itarare,BR,2021-11-27 18:22:12,-24.1125,-49.3317,85.12,38,8,8.57
151,151,Yellowknife,CA,2021-11-27 18:22:12,62.456,-114.3525,-8.88,77,20,8.05
152,152,Kilvelur,IN,2021-11-27 18:22:13,10.7672,79.7419,74.3,97,95,6.58
153,153,Calama,CL,2021-11-27 18:22:13,-22.4667,-68.9333,75.69,12,24,25.32
154,154,Reading,GB,2021-11-27 18:22:14,51.4562,-0.9711,38.91,65,75,21.85
155,155,Oranjemund,,2021-11-27 18:22:14,-28.55,16.4333,63.46,84,3,8.3
156,156,East London,ZA,2021-11-27 18:22:15,-33.0153,27.9116,65.34,88,0,4.61
157,157,Normandin,CA,2021-11-27 18:22:15,48.8333,-72.5321,24.93,68,100,21.85
158,158,Lorengau,PG,2021-11-27 18:22:15,-2.0226,147.2712,79.63,81,74,2.19
159,159,Broken Hill,AU,2021-11-27 18:22:16,-31.95,141.4333,61.18,68,77,9.13
160,160,Tiarei,PF,2021-11-27 18:22:16,-17.5333,-149.3333,82.42,77,51,19.71
161,161,Hobyo,SO,2021-11-27 18:22:17,5.3505,48.5268,81.01,79,39,10.65
162,162,Grindavik,IS,2021-11-27 18:22:17,63.8424,-22.4338,36.07,100,75,3.44
163,163,Sampit,ID,2021-11-27 18:22:18,-2.5333,112.95,74.48,98,100,3.06
164,164,Tuatapere,NZ,2021-11-27 18:22:18,-46.1333,167.6833,41.61,92,71,3.31
165,165,Ratnagiri,IN,2021-11-27 18:22:19,16.9833,73.3,77.4,63,70,4.9
166,166,Mogadishu,SO,2021-11-27 18:18:01,2.0371,45.3438,80.71,77,84,9.98
167,167,Walvis Bay,,2021-11-27 18:22:20,-22.9575,14.5053,65.35,68,2,12.66
168,168,Ribeira Grande,PT,2021-11-27 18:22:20,38.5167,-28.7,64.8,63,20,8.05
169,169,Kavieng,PG,2021-11-27 18:22:21,-2.5744,150.7967,81.79,73,87,2.55
170,170,Golden,US,2021-11-27 18:22:21,39.7555,-105.2211,54.88,29,40,11.5
171,171,Shimanovsk,RU,2021-11-27 18:22:22,52.0,127.7,13.17,96,100,3.18
172,172,Guerrero Negro,MX,2021-11-27 18:22:22,27.9769,-114.0611,73.9,44,1,12.55
173,173,Mount Gambier,AU,2021-11-27 18:22:23,-37.8333,140.7667,45.61,92,1,6.31
174,174,Lodwar,KE,2021-11-27 18:22:23,3.1191,35.5973,85.15,49,34,20.47
175,175,Berezovyy,RU,2021-11-27 18:22:24,51.6667,135.7,10.58,91,24,4.0
176,176,Hithadhoo,MV,2021-11-27 18:22:24,-0.6,73.0833,82.02,73,35,16.4
177,177,Cayenne,GF,2021-11-27 18:22:24,4.9333,-52.3333,86.04,70,40,13.8
178,178,Tamiahua,MX,2021-11-27 18:22:25,21.2667,-97.45,74.89,60,54,4.72
179,179,Ostrovnoy,RU,2021-11-27 18:22:25,68.0531,39.5131,8.51,90,71,7.4
180,180,Tuktoyaktuk,CA,2021-11-27 18:22:26,69.4541,-133.0374,-7.6,77,90,21.85
181,181,Rundu,,2021-11-27 18:22:27,-17.9333,19.7667,82.11,32,76,4.59
182,182,Belfast,GB,2021-11-27 18:21:17,54.5833,-5.9333,39.02,65,20,4.61
183,183,Glendive,US,2021-11-27 18:22:27,47.1053,-104.7125,40.62,81,90,3.44
184,184,Rodrigues Alves,BR,2021-11-27 18:22:28,-7.738,-72.6509,93.4,49,66,3.8
185,185,Truth Or Consequences,US,2021-11-27 18:22:00,33.1284,-107.2528,55.63,35,1,4.61
186,186,Paracuru,BR,2021-11-27 18:22:29,-3.41,-39.0306,87.82,63,53,12.41
187,187,Wittmund,DE,2021-11-27 18:22:29,53.5667,7.7833,39.25,93,75,4.61
188,188,Miyako,JP,2021-11-27 18:22:30,39.6367,141.9525,38.7,76,11,7.65
189,189,Inongo,CD,2021-11-27 18:22:30,-1.95,18.2667,75.06,76,22,2.21
190,190,Nikolskoye,RU,2021-11-27 18:22:31,59.7035,30.7861,26.49,80,100,12.48
191,191,Toamasina,MG,2021-11-27 18:22:31,-18.1667,49.3833,78.8,83,75,5.75
192,192,Ashland,US,2021-11-27 18:22:32,40.8167,-82.2665,33.76,34,71,10.65
193,193,Wanning,CN,2021-11-27 18:22:32,18.8003,110.3967,72.81,86,100,16.73
194,194,Mareeba,AU,2021-11-27 18:22:33,-17.0,145.4333,70.52,97,58,2.21
195,195,Hirara,JP,2021-11-27 18:22:33,24.8,125.2833,71.58,73,100,28.57
196,196,Nushki,PK,2021-11-27 18:22:34,29.5542,66.0215,50.61,32,0,2.17
197,197,Hami,CN,2021-11-27 18:22:34,42.8,93.45,28.44,45,100,10.36
198,198,Lebedyn,UA,2021-11-27 18:22:35,50.5852,34.4849,44.67,95,100,8.01
199,199,Luderitz,,2021-11-27 18:22:35,-26.6481,15.1594,62.76,82,0,6.04
200,200,Olafsvik,IS,2021-11-27 18:22:36,64.8945,-23.7142,39.24,90,100,1.36
201,201,Saint-Augustin,CA,2021-11-27 18:22:36,51.226,-58.6502,43.41,96,100,14.79
202,202,Honningsvag,NO,2021-11-27 18:22:37,70.9821,25.9704,27.07,65,57,24.63
203,203,Tabou,CI,2021-11-27 18:22:37,4.423,-7.3528,80.96,77,33,8.43
204,204,Leshukonskoye,RU,2021-11-27 18:22:38,64.8989,45.7622,-0.2,100,87,2.46
205,205,Soyo,AO,2021-11-27 18:22:38,-6.1349,12.3689,77.05,87,98,4.76
206,206,Staraya Mayna,RU,2021-11-27 18:22:38,54.6,48.95,26.71,81,86,15.82
207,207,Padang,ID,2021-11-27 18:22:39,-0.9492,100.3543,77.05,74,92,3.13
208,208,Bibiani,GH,2021-11-27 18:22:40,6.4635,-2.3194,79.11,69,84,2.48
209,209,Tasiilaq,GL,2021-11-27 18:22:40,65.6145,-37.6368,30.36,74,100,9.17
210,210,Palo Alto,US,2021-11-27 18:20:20,37.4419,-122.143,59.45,68,1,0.0
211,211,Otukpo,NG,2021-11-27 18:22:41,7.1913,8.1329,85.28,40,73,0.54
212,212,Nakamura,JP,2021-11-27 18:22:42,32.9833,132.9333,39.42,77,0,4.09
213,213,Arauco,CL,2021-11-27 18:22:42,-37.2463,-73.3175,64.42,49,4,13.53
214,214,Norman Wells,CA,2021-11-27 18:22:43,65.282,-126.8329,-16.56,76,20,5.75
215,215,San Quintin,MX,2021-11-27 18:22:43,30.4833,-115.95,71.47,33,0,1.5
216,216,Amahai,ID,2021-11-27 18:22:44,-3.3333,128.9167,78.82,86,100,3.2
217,217,Mar Del Plata,AR,2021-11-27 18:19:09,-38.0023,-57.5575,62.62,94,90,12.66
218,218,Urengoy,RU,2021-11-27 18:22:44,65.9667,78.3667,4.55,96,100,9.71
219,219,Fortuna,US,2021-11-27 18:22:45,40.5982,-124.1573,61.14,87,1,0.0
220,220,Kenora,CA,2021-11-27 18:22:45,49.8167,-94.4337,30.18,80,75,8.05
221,221,Polaniec,PL,2021-11-27 18:22:46,50.4332,21.2812,37.85,85,68,5.14
222,222,Maunatlala,BW,2021-11-27 18:22:46,-22.597,27.6301,67.86,60,19,13.53
223,223,Lavrentiya,RU,2021-11-27 18:22:47,65.5833,-171.0,-10.12,91,4,8.28
224,224,Obo,CF,2021-11-27 18:22:47,5.3998,26.4869,77.99,37,8,2.26
225,225,Prieska,ZA,2021-11-27 18:22:48,-29.6641,22.7474,73.47,19,0,16.49
226,226,Marienburg,PL,2021-11-27 18:22:48,54.0359,19.0266,37.06,88,100,4.32
227,227,Mumford,GH,2021-11-27 18:22:49,5.2618,-0.759,81.16,77,45,10.09
228,228,Chokurdakh,RU,2021-11-27 18:22:49,70.6333,147.9167,-33.83,100,85,1.03
229,229,Broome,US,2021-11-27 18:22:50,42.2506,-75.833,30.78,68,90,10.36
230,230,Kudahuvadhoo,MV,2021-11-27 18:22:50,2.6708,72.8944,81.73,71,99,17.49
231,231,Torbat-E Jam,IR,2021-11-27 18:22:51,35.244,60.6225,45.57,52,4,1.41
232,232,Shelburne,CA,2021-11-27 18:22:51,44.0787,-80.2041,30.09,71,47,8.79
233,233,Dubbo,AU,2021-11-27 18:22:52,-32.25,148.6167,57.33,77,90,13.8
234,234,Beira,MZ,2021-11-27 18:22:52,-19.8436,34.8389,77.09,61,0,13.8
235,235,Gazanjyk,TM,2021-11-27 18:22:53,39.2446,55.5154,48.54,50,40,7.87
236,236,Tura,IN,2021-11-27 18:22:53,25.5198,90.2201,59.9,77,6,4.56
237,237,Sungairaya,ID,2021-11-27 18:22:54,0.7,108.9,78.53,87,100,4.85
238,238,Zabid,YE,2021-11-27 18:22:54,14.1951,43.3152,82.71,58,3,3.87
239,239,Port Hardy,CA,2021-11-27 18:22:54,50.6996,-127.4199,46.4,87,90,20.71
240,240,Viedma,AR,2021-11-27 18:22:55,-40.8135,-62.9967,73.15,55,98,5.32
241,241,Mehamn,NO,2021-11-27 18:22:55,71.0357,27.8492,17.78,77,61,16.49
242,242,Hibbing,US,2021-11-27 18:22:56,47.4272,-92.9377,29.55,68,90,4.61
243,243,Srednekolymsk,RU,2021-11-27 18:22:56,67.45,153.6833,-37.39,100,24,0.67
244,244,Saint-Philippe,RE,2021-11-27 18:22:57,-21.3585,55.7679,76.59,85,58,4.85
245,245,Gamba,GA,2021-11-27 18:22:57,-2.65,10.0,76.37,90,100,8.88
246,246,Ngunguru,NZ,2021-11-27 18:22:58,-35.6167,174.5,59.34,84,81,5.01
247,247,Dicabisagan,PH,2021-11-27 18:22:58,17.0818,122.4157,76.19,93,96,5.55
248,248,Leningradskiy,RU,2021-11-27 18:22:59,69.3833,178.4167,-19.75,90,6,8.72
249,249,Grand-Lahou,CI,2021-11-27 18:22:59,5.1367,-5.0242,80.96,78,22,8.01
250,250,Port Hedland,AU,2021-11-27 18:23:00,-20.3167,118.5667,82.45,32,2,8.05
251,251,Shingu,JP,2021-11-27 18:23:00,33.7333,135.9833,40.35,78,0,5.48
252,252,Salalah,OM,2021-11-27 18:23:01,17.0151,54.0924,78.89,69,0,4.61
253,253,Odweyne,SO,2021-11-27 18:23:01,9.4092,45.064,72.05,60,97,13.44
254,254,Burnie,AU,2021-11-27 18:23:02,-41.0667,145.9167,47.73,85,14,6.67
255,255,Kruisfontein,ZA,2021-11-27 18:23:02,-34.0033,24.7314,61.38,81,55,1.12
256,256,Flin Flon,CA,2021-11-27 18:23:03,54.7682,-101.865,28.24,59,20,19.57
257,257,Urucuca,BR,2021-11-27 18:23:03,-14.5931,-39.2844,83.21,56,40,7.43
258,258,Ewa Beach,US,2021-11-27 18:23:03,21.3156,-158.0072,73.35,75,75,3.44
259,259,Beringovskiy,RU,2021-11-27 18:23:04,63.05,179.3167,2.62,97,100,8.86
260,260,Gazli,UZ,2021-11-27 18:23:04,40.1333,63.45,40.77,50,93,9.04
261,261,Santa Teresa,VE,2021-11-27 18:23:05,10.2341,-66.6631,79.72,45,80,2.95
262,262,Nakanojo,JP,2021-11-27 18:23:05,36.5833,138.85,35.74,83,23,5.39
263,263,Lasa,IT,2021-11-27 18:23:06,46.6166,10.7002,40.08,95,85,3.02
264,264,San Rafael,AR,2021-11-27 18:20:37,-34.6177,-68.3301,74.41,34,79,22.53
265,265,Zemio,CF,2021-11-27 18:23:06,5.0314,25.1361,77.63,33,11,1.9
266,266,Poum,NC,2021-11-27 18:23:07,-20.2333,164.0167,79.05,77,2,12.21
267,267,Mackay,AU,2021-11-27 18:23:08,-21.15,149.2,76.91,83,34,4.12
268,268,Constitucion,CL,2021-11-27 18:23:08,-35.3333,-72.4167,62.02,61,3,19.42
269,269,Roma,US,2021-11-27 18:18:28,43.2128,-75.4557,33.94,51,90,17.27
270,270,Puerto Quijarro,BO,2021-11-27 18:23:09,-17.7833,-57.7667,95.74,39,97,7.09
271,271,Havre-Saint-Pierre,CA,2021-11-27 18:23:10,50.2334,-63.5986,43.39,100,90,13.8
272,272,Khurda,IN,2021-11-27 18:23:10,20.1833,85.6167,71.51,77,99,3.96
273,273,Saraland,US,2021-11-27 18:23:11,30.8207,-88.0706,60.8,27,96,0.96
274,274,Tromso,NO,2021-11-27 18:23:11,69.6496,18.957,19.42,68,0,17.27
275,275,Igurusi,TZ,2021-11-27 18:23:12,-8.85,33.85,69.96,70,53,3.44
276,276,Cherskiy,RU,2021-11-27 18:23:12,68.75,161.3,-26.18,93,7,4.07
277,277,Kalmunai,LK,2021-11-27 18:23:13,7.4167,81.8167,79.16,86,93,2.51
278,278,Ebolowa,CM,2021-11-27 18:23:13,2.9,11.15,72.03,88,66,2.66
279,279,Montorio Al Vomano,IT,2021-11-27 18:23:14,42.5831,13.6383,54.14,82,62,7.94
280,280,Sheridan,US,2021-11-27 18:23:14,44.8333,-106.9173,46.78,46,1,3.44
281,281,Yerbogachen,RU,2021-11-27 18:23:15,61.2767,108.0108,-2.11,96,93,7.23
282,282,Marawi,PH,2021-11-27 18:23:15,7.9986,124.2928,69.84,92,90,1.63
283,283,San Patricio,US,2021-11-27 18:23:16,28.017,-97.5169,55.26,62,100,4.05
284,284,Trebinje,BA,2021-11-27 18:23:16,42.7119,18.3442,57.56,72,75,11.5
285,285,Sioux Lookout,CA,2021-11-27 18:23:17,50.1001,-91.917,26.98,86,90,6.91
286,286,Angoram,PG,2021-11-27 18:23:17,-4.0625,144.0661,74.25,99,97,2.15
287,287,Gat,IL,2021-11-27 18:23:18,31.61,34.7642,63.28,51,46,2.93
288,288,Perth,AU,2021-11-27 18:20:06,-31.9333,115.8333,66.38,65,0,3.44
289,289,Tougue,GN,2021-11-27 18:23:19,11.4667,-11.6,78.91,33,100,2.13
290,290,Pedernales,DO,2021-11-27 18:23:19,18.0384,-71.744,81.09,69,64,4.9
291,291,Aasiaat,GL,2021-11-27 18:23:19,68.7098,-52.8699,21.18,90,100,6.82
292,292,Wattegama,LK,2021-11-27 18:23:20,6.7989,81.4808,76.12,96,91,1.74
293,293,Noormarkku,FI,2021-11-27 18:23:20,61.5927,21.8685,13.78,92,0,3.44
294,294,Port Arthur,CN,2021-11-27 18:23:21,38.8,121.2667,46.62,69,31,12.97
295,295,Mildura,AU,2021-11-27 18:20:51,-34.2,142.15,60.76,59,4,5.75
296,296,Wilmington,US,2021-11-27 18:18:49,34.2257,-77.9447,53.51,26,1,4.61
297,297,Bilibino,RU,2021-11-27 18:23:22,68.0546,166.4372,-28.14,98,12,4.45
298,298,Wilkie,CA,2021-11-27 18:23:22,52.4168,-108.7014,23.38,84,5,6.22
299,299,Olinda,BR,2021-11-27 18:23:23,-8.0089,-34.8553,85.73,62,40,11.5
300,300,Thinadhoo,MV,2021-11-27 18:23:23,0.5333,72.9333,82.18,70,81,17.56
301,301,Paita,PE,2021-11-27 18:23:24,-5.0892,-81.1144,77.56,67,39,12.73
302,302,Bulungu,CD,2021-11-27 18:23:24,-4.55,18.6,73.15,85,23,2.89
303,303,Fukue,JP,2021-11-27 18:23:25,32.6881,128.8419,55.89,57,1,18.86
304,304,Korla,CN,2021-11-27 18:23:25,41.7597,86.1469,28.94,88,100,5.68
305,305,Portsmouth,GB,2021-11-27 18:20:04,50.799,-1.0913,39.25,72,90,31.54
306,306,Isangel,VU,2021-11-27 18:23:26,-19.55,169.2667,73.51,94,40,0.0
307,307,Ballina,AU,2021-11-27 18:23:27,-28.8667,153.5667,66.16,88,90,14.97
308,308,Muros,ES,2021-11-27 18:23:27,42.7762,-9.0603,43.3,65,25,18.57
309,309,Meulaboh,ID,2021-11-27 18:23:27,4.1363,96.1285,76.73,89,100,6.04
310,310,Kirakira,SB,2021-11-27 18:23:28,-10.4544,161.9205,78.67,83,88,3.44
311,311,Kaitangata,NZ,2021-11-27 18:23:28,-46.2817,169.8464,44.71,91,62,4.76
312,312,Katsuura,JP,2021-11-27 18:23:29,35.1333,140.3,48.22,56,23,9.78
313,313,Kisangani,CD,2021-11-27 18:23:29,0.5167,25.2,74.05,84,36,0.69
314,314,Matara,LK,2021-11-27 18:23:30,5.9485,80.5353,75.78,93,98,6.73
315,315,Mana,GF,2021-11-27 18:23:30,5.6592,-53.7767,84.63,68,65,11.05
316,316,Nouadhibou,MR,2021-11-27 18:23:31,20.931,-17.0347,69.78,68,82,17.27
317,317,Ilulissat,GL,2021-11-27 18:23:31,69.2167,-51.1,26.62,68,75,17.27
318,318,Acapulco,MX,2021-11-27 18:21:07,16.8634,-99.8901,85.82,58,1,4.61
319,319,Najran,SA,2021-11-27 18:23:32,17.4924,44.1277,66.85,41,0,4.97
320,320,Fare,PF,2021-11-27 18:23:32,-16.7,-151.0167,80.82,74,16,18.97
321,321,Baykit,RU,2021-11-27 18:23:33,61.67,96.37,-3.68,100,98,2.39
322,322,Kloulklubed,PW,2021-11-27 18:23:33,7.0419,134.2556,79.3,78,65,13.82
323,323,Banda Aceh,ID,2021-11-27 18:23:34,5.5577,95.3222,78.58,84,98,8.86
324,324,Mandalgovi,MN,2021-11-27 18:23:34,45.7625,106.2708,14.95,81,44,18.23
325,325,Port Elizabeth,ZA,2021-11-27 18:23:35,-33.918,25.5701,64.69,68,0,8.05
326,326,Lexington-Fayette,US,2021-11-27 18:23:35,38.0498,-84.4585,50.09,42,1,14.97
327,327,Teguise,ES,2021-11-27 18:23:35,29.0605,-13.564,62.82,68,20,17.27
328,328,Hualmay,PE,2021-11-27 18:23:36,-11.0964,-77.6139,69.49,77,93,9.84
329,329,Mollendo,PE,2021-11-27 18:23:37,-17.0231,-72.0147,69.6,73,98,11.34
330,330,Eyl,SO,2021-11-27 18:23:37,7.9803,49.8164,80.15,80,66,15.12
331,331,Isla Mujeres,MX,2021-11-27 18:23:38,21.2311,-86.731,82.45,64,38,10.07
332,332,Umm Kaddadah,SD,2021-11-27 18:23:38,13.6017,26.6876,78.94,16,2,11.99
333,333,Kuandian,CN,2021-11-27 18:23:39,40.7286,124.7847,28.44,60,0,1.97
334,334,Batagay,RU,2021-11-27 18:23:39,67.6333,134.6333,-5.62,99,100,1.41
335,335,Codrington,AU,2021-11-27 18:23:39,-38.2667,141.9667,45.99,90,0,8.37
336,336,Atambua,ID,2021-11-27 18:23:40,-9.1061,124.8925,75.74,85,84,1.97
337,337,Kutum,SD,2021-11-27 18:23:41,14.2,24.6667,70.05,14,1,9.82
338,338,Manaure,CO,2021-11-27 18:23:41,11.7751,-72.4445,85.19,66,90,6.67
339,339,Tabuk,PH,2021-11-27 18:23:42,17.4189,121.4443,71.89,95,77,3.27
340,340,Bantou,CN,2021-11-27 18:23:42,26.2151,117.4893,55.29,88,53,2.8
341,341,Labuhan,ID,2021-11-27 18:23:42,-6.8844,112.2051,77.79,87,100,8.34
342,342,Nachingwea,TZ,2021-11-27 18:23:43,-10.3833,38.7667,79.52,57,98,8.3
343,343,Tessalit,ML,2021-11-27 18:23:43,20.1986,1.0114,84.11,17,82,9.31
344,344,Olhao,PT,2021-11-27 18:23:44,37.0286,-7.8411,57.09,51,20,13.8
345,345,Ilo,PE,2021-11-27 18:23:44,-17.6394,-71.3375,72.46,64,0,8.05
346,346,Rocha,UY,2021-11-27 18:22:27,-34.4833,-54.3333,78.46,51,38,14.09
347,347,Outlook,CA,2021-11-27 18:23:45,51.5001,-107.0513,28.96,82,27,8.12
348,348,Safaga,EG,2021-11-27 18:23:45,26.7292,33.9365,69.75,47,0,5.32
349,349,Trelew,AR,2021-11-27 18:23:46,-43.249,-65.3051,69.98,34,10,17.81
350,350,Tateyama,JP,2021-11-27 18:23:46,34.9833,139.8667,48.13,49,20,11.5
351,351,Longyearbyen,SJ,2021-11-27 18:23:47,78.2186,15.6401,13.84,57,20,16.11
352,352,Borgarnes,IS,2021-11-27 18:23:47,64.5383,-21.9206,36.16,91,100,4.68
353,353,Airai,TL,2021-11-27 18:23:48,-8.9266,125.4092,61.93,93,80,0.51
354,354,Iralaya,HN,2021-11-27 18:23:48,15.0,-83.2333,82.51,62,91,13.96
355,355,Eureka,US,2021-11-27 18:23:49,40.8021,-124.1637,61.41,78,96,1.88
356,356,Paignton,GB,2021-11-27 18:23:49,50.4357,-3.5679,39.45,57,39,26.57
357,357,Nadym,RU,2021-11-27 18:23:50,65.5333,72.5167,5.56,97,100,1.19
358,358,Port-Gentil,GA,2021-11-27 18:23:50,-0.7193,8.7815,79.7,82,67,15.37
359,359,Bud,US,2021-11-27 18:23:51,39.447,-86.1758,44.69,43,64,12.62
360,360,Aitape,PG,2021-11-27 18:23:52,-3.1374,142.3475,77.32,87,100,6.49
361,361,Mezhdurechensk,RU,2021-11-27 18:23:52,53.6942,88.0603,23.45,92,100,11.81
362,362,Saldanha,ZA,2021-11-27 18:23:53,-33.0117,17.9442,63.0,91,39,16.35
363,363,Estelle,US,2021-11-27 18:23:54,29.8458,-90.1067,62.6,48,75,4.61
364,364,Cortez,US,2021-11-27 18:23:54,37.3489,-108.5859,41.76,36,1,0.0
365,365,Kinshasa,CD,2021-11-27 18:23:55,-4.3246,15.3215,79.18,78,20,2.3
366,366,Sabha,LY,2021-11-27 18:23:55,27.0377,14.4283,73.63,25,85,3.87
367,367,Balaka,MW,2021-11-27 18:23:56,-14.9793,34.9558,72.03,63,84,3.71
368,368,Barabinsk,RU,2021-11-27 18:23:56,55.3571,78.357,24.01,93,100,19.01
369,369,Ginir,ET,2021-11-27 18:23:56,7.1333,40.7,60.53,71,93,4.38
370,370,Ewo,CG,2021-11-27 18:23:57,-0.8725,14.8206,75.54,83,67,4.34
371,371,Shubarshi,KZ,2021-11-27 18:23:57,48.5872,57.1869,22.64,77,100,9.33
372,372,Ishigaki,JP,2021-11-27 18:23:58,24.3448,124.1572,71.37,78,100,26.98
373,373,Bandarbeyla,SO,2021-11-27 18:23:58,9.4942,50.8122,79.63,81,84,17.9
374,374,Margate,GB,2021-11-27 18:23:59,51.3813,1.3862,40.71,87,100,32.06
375,375,Samarai,PG,2021-11-27 18:23:59,-10.6167,150.6667,81.05,79,100,4.65
376,376,Abu Samrah,SY,2021-11-27 18:24:00,35.3029,37.1841,61.86,50,100,6.24
377,377,Klaksvik,FO,2021-11-27 18:24:00,62.2266,-6.589,31.12,91,100,4.74
378,378,Gorontalo,ID,2021-11-27 18:24:01,0.5412,123.0595,75.52,95,100,3.38
379,379,Shache,CN,2021-11-27 18:24:01,38.4167,77.2406,33.15,38,99,6.38
380,380,Udachnyy,RU,2021-11-27 18:24:01,66.4167,112.4,-8.75,93,66,4.99
381,381,Goderich,CA,2021-11-27 18:24:02,43.7501,-81.7165,30.52,69,94,5.75
382,382,Grand Forks,US,2021-11-27 18:21:30,47.9417,-97.4337,40.93,60,90,13.8
383,383,Tyssedal,NO,2021-11-27 18:24:03,60.1165,6.562,29.5,95,100,3.09
384,384,Makamba,BI,2021-11-27 18:24:03,-4.1348,29.804,62.56,91,75,4.12
385,385,Sterling,US,2021-11-27 18:24:04,39.0062,-77.4286,44.74,42,20,11.5
386,386,Kieta,PG,2021-11-27 18:24:04,-6.2167,155.6333,78.82,85,99,2.46
387,387,Rio Grande,BR,2021-11-27 18:24:05,-32.035,-52.0986,75.31,79,53,13.85
388,388,Sorrento,IT,2021-11-27 18:24:05,40.626,14.3744,54.97,82,40,3.44
389,389,Tricase,IT,2021-11-27 18:24:06,39.9304,18.3553,58.93,82,20,11.5
390,390,Benguela,AO,2021-11-27 18:24:06,-12.5763,13.4055,76.23,75,80,2.37
391,391,Kathmandu,NP,2021-11-27 18:24:07,27.7167,85.3167,50.22,100,20,2.3
392,392,Milkovo,RU,2021-11-27 18:24:07,54.7167,158.6167,-1.86,99,95,1.7
393,393,Conceicao Do Mato Dentro,BR,2021-11-27 18:24:08,-19.0372,-43.425,65.62,97,100,1.63
394,394,Port-Cartier,CA,2021-11-27 18:24:08,50.0334,-66.8654,41.22,98,100,5.97
395,395,Marsa Matruh,EG,2021-11-27 18:24:08,31.3525,27.2453,70.0,46,0,4.61
396,396,Loreto,MX,2021-11-27 18:24:09,22.2667,-101.9667,66.33,44,100,13.29
397,397,Nisia Floresta,BR,2021-11-27 18:24:09,-6.0911,-35.2086,88.61,56,31,11.25
398,398,Beloha,MG,2021-11-27 18:24:10,-25.1667,45.05,62.69,64,21,8.57
399,399,Atar,MR,2021-11-27 18:24:10,20.5169,-13.0499,79.21,29,36,12.71
400,400,Whitianga,NZ,2021-11-27 18:24:11,-36.8333,175.7,59.31,86,83,3.69
401,401,Vazante,BR,2021-11-27 18:22:41,-17.9869,-46.9078,84.09,57,77,11.65
402,402,Beirut,LB,2021-11-27 18:23:06,33.8889,35.4944,66.94,49,88,3.44
403,403,Biak,ID,2021-11-27 18:24:12,-0.9131,122.8766,77.56,83,99,3.13
404,404,Adilabad,IN,2021-11-27 18:24:12,19.6667,78.5333,66.51,48,99,2.53
405,405,Salaga,GH,2021-11-27 18:24:13,8.5508,-0.5188,89.15,32,90,2.46
406,406,Becov,CZ,2021-11-27 18:24:13,50.4497,13.7178,37.81,84,100,1.77
407,407,Guane,CU,2021-11-27 18:24:14,22.2025,-84.0875,82.85,48,49,5.03
408,408,The Valley,AI,2021-11-27 18:24:14,18.217,-63.0578,85.86,74,40,9.22
409,409,Taikang,CN,2021-11-27 18:24:15,46.8333,124.4167,21.18,95,24,8.88
410,410,Rio Verde De Mato Grosso,BR,2021-11-27 18:24:15,-18.9181,-54.8442,89.82,54,69,7.72
411,411,Arman,RU,2021-11-27 18:24:15,59.7,150.1667,-5.6,86,24,7.61
412,412,Grand Island,US,2021-11-27 18:24:16,40.925,-98.342,62.38,27,1,21.85
413,413,Krasnaya Gorbatka,RU,2021-11-27 18:24:16,55.8703,41.7641,32.76,96,100,16.2
414,414,Mayo,US,2021-11-27 18:24:17,38.8876,-76.5119,44.58,45,1,13.8
415,415,Losone,CH,2021-11-27 18:24:17,46.1687,8.7593,44.33,87,40,3.44
416,416,Gornyy,RU,2021-11-27 18:24:18,55.1153,83.9059,20.35,92,100,22.93
417,417,Port Keats,AU,2021-11-27 18:24:18,-14.25,129.55,79.25,75,63,2.91
418,418,Puebloviejo,CO,2021-11-27 18:24:19,10.9938,-74.2844,81.54,78,79,4.45
419,419,Cedar City,US,2021-11-27 18:22:46,37.6775,-113.0619,41.97,28,1,0.0
420,420,Iguatemi,BR,2021-11-27 18:24:19,-23.6803,-54.5611,88.48,33,0,5.35
421,421,Raudeberg,NO,2021-11-27 18:24:20,61.9875,5.1352,25.47,59,23,10.51
422,422,Winnemucca,US,2021-11-27 18:24:20,40.973,-117.7357,44.65,39,1,4.61
423,423,Fort Nelson,CA,2021-11-27 18:24:21,58.8053,-122.7002,2.79,85,75,2.3
424,424,Victor Harbor,AU,2021-11-27 18:24:21,-35.5667,138.6167,60.89,79,0,8.1
425,425,Faya,SA,2021-11-27 18:24:22,18.3851,42.4509,62.71,51,37,8.3
426,426,Khudumelapye,BW,2021-11-27 18:24:22,-23.8833,24.75,79.77,39,78,12.46
427,427,Seymchan,RU,2021-11-27 18:24:23,62.8833,152.4333,-42.54,100,87,0.72
428,428,Santa Rosa,PH,2021-11-27 18:24:23,14.3122,121.1114,80.58,86,71,8.5
429,429,Suntar,RU,2021-11-27 18:24:24,62.1444,117.6319,-1.66,89,83,8.01
430,430,Kristiansund,NO,2021-11-27 18:24:24,63.1115,7.732,23.65,80,20,5.75
431,431,Coquimbo,CL,2021-11-27 18:24:24,-29.9533,-71.3436,67.73,63,20,11.5
432,432,Hunucma,MX,2021-11-27 18:24:25,21.0167,-89.8667,86.09,37,37,3.74
433,433,Dayal Bagh,IN,2021-11-27 18:24:26,27.2167,78.0167,66.58,49,0,6.29
434,434,Bani,DO,2021-11-27 18:24:26,18.2833,-70.3333,87.24,59,27,9.22
435,435,Talara,PE,2021-11-27 18:24:27,-4.5772,-81.2719,77.76,65,0,16.11
436,436,Lahaina,US,2021-11-27 18:24:27,20.8783,-156.6825,74.95,69,0,4.92
437,437,Atbasar,KZ,2021-11-27 18:24:28,51.8,68.3333,10.31,93,22,9.73
438,438,Mortka,RU,2021-11-27 18:24:28,59.3322,66.0214,27.59,88,81,13.2
439,439,Wenzhou,CN,2021-11-27 18:24:28,27.9994,120.6668,56.98,81,90,4.94
440,440,Murwillumbah,AU,2021-11-27 18:24:29,-28.3167,153.4,68.02,77,40,14.97
441,441,Sao Domingos,BR,2021-11-27 18:24:29,-13.3983,-46.3183,82.78,61,45,7.61
442,442,Kolpashevo,RU,2021-11-27 18:24:30,58.3131,82.9089,20.26,95,100,10.8
443,443,Pitimbu,BR,2021-11-27 18:24:30,-7.4706,-34.8086,86.59,62,34,11.05
444,444,Karratha,AU,2021-11-27 18:24:31,-20.7377,116.8463,84.25,36,0,11.05
445,445,Hastings,GB,2021-11-27 18:24:32,50.8552,0.5729,40.75,88,93,34.29
446,446,Krasnoarmeysk,RU,2021-11-27 18:24:33,51.0239,45.6969,30.02,97,69,14.52
447,447,Terrace Bay,CA,2021-11-27 18:24:33,48.7834,-87.1,24.42,72,100,10.92
448,448,Batagay-Alyta,RU,2021-11-27 18:24:34,67.8006,130.4114,-0.81,99,100,0.56
449,449,Iracoubo,GF,2021-11-27 18:24:34,5.4802,-53.2011,82.83,75,46,10.54
450,450,Catamarca,AR,2021-11-27 18:24:34,-28.4696,-65.7852,92.44,30,0,17.18
451,451,Adrar,MR,2021-11-27 18:24:35,20.5022,-10.0711,76.35,30,73,11.03
452,452,Witu,KE,2021-11-27 18:24:35,-2.3889,40.4382,82.56,86,98,8.88
453,453,Pevek,RU,2021-11-27 18:24:36,69.7008,170.3133,-18.08,89,17,3.78
454,454,Vardo,NO,2021-11-27 18:24:36,70.3705,31.1107,24.66,78,57,11.39
455,455,Truckee,US,2021-11-27 18:24:37,39.328,-120.1833,46.11,41,3,2.98
456,456,Ahuimanu,US,2021-11-27 18:24:37,21.4447,-157.8378,73.11,78,75,10.36
457,457,Mansa,IN,2021-11-27 18:24:38,29.9833,75.3833,62.76,34,0,7.36
458,458,Vostok,RU,2021-11-27 18:24:38,46.4856,135.8833,3.97,98,61,5.03
459,459,Sisimiut,GL,2021-11-27 18:24:39,66.9395,-53.6735,27.39,90,100,10.76
460,460,Sur,OM,2021-11-27 18:24:39,22.5667,59.5289,75.04,63,40,1.12
461,461,Conselheiro Pena,BR,2021-11-27 18:24:40,-19.1722,-41.4722,71.38,89,100,5.95
462,462,Pimentel,PE,2021-11-27 18:24:40,-6.8367,-79.9342,77.29,57,0,14.97
463,463,Kobryn,BY,2021-11-27 18:24:40,52.2138,24.3564,36.27,71,100,12.41
464,464,Chumikan,RU,2021-11-27 18:24:41,54.7183,135.315,17.02,78,75,17.18
465,465,Esperance,AU,2021-11-27 18:24:42,-33.8667,121.9,58.84,68,0,14.14
466,466,Shobara,JP,2021-11-27 18:24:43,34.85,133.0167,35.01,86,8,2.44
467,467,Xining,CN,2021-11-27 18:24:43,36.6167,101.7667,31.5,35,9,1.74
468,468,Kaeo,NZ,2021-11-27 18:24:44,-35.1,173.7833,57.79,90,58,1.57
469,469,Fengzhen,CN,2021-11-27 18:24:44,40.4394,113.1536,31.48,63,98,3.51
470,470,Gadung,PH,2021-11-27 18:24:45,6.8025,124.02,79.07,85,95,3.85
471,471,Lae,PG,2021-11-27 18:24:45,-6.7221,146.9847,74.98,90,98,7.2
472,472,Aracuai,BR,2021-11-27 18:24:46,-16.8497,-42.0703,72.68,85,100,1.41
473,473,Ancud,CL,2021-11-27 18:24:47,-41.8697,-73.8203,60.33,53,11,12.1
474,474,Zhigansk,RU,2021-11-27 18:24:47,66.7697,123.3711,-3.8,99,100,2.91
475,475,Polunochnoye,RU,2021-11-27 18:21:17,60.8697,60.4153,29.79,82,81,9.15
476,476,Aklavik,CA,2021-11-27 18:24:48,68.2191,-135.0107,-10.37,70,40,14.97
477,477,Yulara,AU,2021-11-27 18:24:48,-25.2406,130.9889,64.24,48,0,8.05
478,478,Kiruna,SE,2021-11-27 18:24:49,67.8557,20.2251,-10.28,84,90,1.14
479,479,Buchanan,LR,2021-11-27 18:24:49,5.8808,-10.0467,82.36,77,100,8.95
480,480,Muisne,EC,2021-11-27 18:24:50,0.6,-80.0333,82.51,83,99,6.71
481,481,Palu,ID,2021-11-27 18:24:50,-0.8917,119.8707,75.88,96,89,2.26
482,482,Valdivia,CL,2021-11-27 18:24:51,-39.8142,-73.2459,64.49,43,32,7.11
483,483,Rawson,AR,2021-11-27 18:24:51,-43.3002,-65.1023,63.91,55,17,15.21
484,484,Roseburg,US,2021-11-27 18:22:18,43.2165,-123.3417,61.29,87,90,3.44
485,485,Port Blair,IN,2021-11-27 18:24:55,11.6667,92.75,81.0,77,7,10.92
486,486,Arlit,NE,2021-11-27 18:25:00,18.7369,7.3853,82.35,12,33,3.96
487,487,Almeirim,BR,2021-11-27 18:25:00,-1.5233,-52.5817,87.69,55,51,5.32
488,488,Skegness,GB,2021-11-27 18:22:23,53.1436,0.3363,41.22,89,100,35.5
489,489,Krasnoselkup,RU,2021-11-27 18:25:01,65.7,82.4667,3.45,96,100,11.27
490,490,Singarayakonda,IN,2021-11-27 18:25:03,15.25,80.0333,77.54,85,99,13.15
491,491,Touros,BR,2021-11-27 18:22:42,-5.1989,-35.4608,88.7,65,41,12.68
492,492,Three Hills,CA,2021-11-27 18:25:02,51.7001,-113.2686,30.69,74,87,14.97
493,493,Maceio,BR,2021-11-27 18:25:04,-9.6658,-35.7353,90.84,58,20,18.41
494,494,Okhotsk,RU,2021-11-27 18:25:05,59.3833,143.3,1.87,69,77,7.27
495,495,Wanxian,CN,2021-11-27 18:25:05,30.8039,108.3897,55.04,64,78,1.54
496,496,Dzhebariki-Khaya,RU,2021-11-27 18:25:06,62.2167,135.8,6.31,96,100,6.04
497,497,Valle De Banderas,MX,2021-11-27 18:25:07,20.8,-105.2333,85.6,51,40,2.3
498,498,Asifabad,IN,2021-11-27 18:25:07,19.3667,79.2833,66.69,48,99,3.33
499,499,Hamilton,US,2021-11-27 18:21:37,39.1834,-84.5333,46.35,43,90,12.66
500,500,Medicine Hat,CA,2021-11-27 18:25:08,50.0501,-110.6683,34.23,80,75,9.22
501,501,Luleburgaz,TR,2021-11-27 18:25:09,41.4039,27.3592,56.57,79,99,9.37
502,502,Mersing,MY,2021-11-27 18:25:09,2.4312,103.8405,76.91,94,100,5.75
503,503,Nemuro,JP,2021-11-27 18:25:10,43.3236,145.575,37.74,65,59,19.84
504,504,Charters Towers,AU,2021-11-27 18:25:10,-20.1,146.2667,74.17,85,5,7.11
505,505,Henties Bay,,2021-11-27 18:25:10,-22.116,14.2845,61.21,77,1,11.23
506,506,Ribeira Brava,PT,2021-11-27 18:25:11,32.65,-17.0667,65.03,71,20,6.02
507,507,Fuerte Olimpo,PY,2021-11-27 18:25:11,-21.0415,-57.8738,96.21,43,52,6.26
508,508,Polewali,ID,2021-11-27 18:25:12,-3.4324,119.3435,77.31,91,100,2.46
509,509,Port Macquarie,AU,2021-11-27 18:21:14,-31.4333,152.9167,60.76,89,100,11.1
510,510,Havoysund,NO,2021-11-27 18:25:13,70.9963,24.6622,23.88,63,93,15.68
511,511,Brusturoasa,RO,2021-11-27 18:25:13,46.5167,26.2,36.07,93,52,4.72
512,512,Yoichi,JP,2021-11-27 18:25:14,43.2039,140.7703,39.25,68,100,13.02
513,513,Bara,NG,2021-11-27 18:25:14,10.3744,10.7288,81.61,18,44,6.49
514,514,Pangnirtung,CA,2021-11-27 18:25:15,66.1451,-65.7125,23.0,50,75,5.75
515,515,Provideniya,RU,2021-11-27 18:25:16,64.3833,-173.3,-5.3,84,4,5.73
516,516,Carutapera,BR,2021-11-27 18:25:16,-1.195,-46.02,86.58,60,29,8.34
517,517,Teknaf,BD,2021-11-27 18:25:17,20.8624,92.3058,68.94,66,84,8.59
518,518,Knysna,ZA,2021-11-27 18:25:17,-34.0363,23.0471,62.98,74,59,7.83
519,519,Bocana De Paiwas,NI,2021-11-27 18:25:17,12.7857,-85.1227,81.52,70,83,14.74
520,520,Tikapur,NP,2021-11-27 18:25:18,28.5,81.1333,61.03,75,0,3.91
521,521,Carbonia,IT,2021-11-27 18:25:18,39.1672,8.5222,52.45,69,75,17.83
522,522,Guangyuan,CN,2021-11-27 18:25:19,32.442,105.823,50.34,87,100,0.69
523,523,Dudinka,RU,2021-11-27 18:25:19,69.4058,86.1778,-1.41,95,100,14.58
524,524,Sechura,PE,2021-11-27 18:25:20,-5.5569,-80.8222,78.42,57,43,12.84
525,525,Nioro,GM,2021-11-27 18:25:20,13.35,-15.75,93.97,20,49,5.03
526,526,Klyuchi,RU,2021-11-27 18:25:21,52.2667,79.1667,20.46,78,54,17.85
527,527,Roebourne,AU,2021-11-27 18:25:21,-20.7833,117.1333,84.43,33,0,11.59
528,528,Evanston,US,2021-11-27 18:25:22,42.0411,-87.6901,39.31,65,90,11.5
529,529,Somerset,US,2021-11-27 18:25:22,40.5668,-74.5496,41.22,45,90,12.66
530,530,Tadine,NC,2021-11-27 18:25:23,-21.55,167.8833,74.61,88,100,17.07
531,531,Opuwo,,2021-11-27 18:25:24,-18.0607,13.84,80.4,19,40,11.48
532,532,Gornopravdinsk,RU,2021-11-27 18:25:25,60.05,69.9,29.61,94,100,12.86
533,533,Vanimo,PG,2021-11-27 18:25:25,-2.6741,141.3028,77.65,88,100,6.33
534,534,Vao,NC,2021-11-27 18:25:26,-22.6667,167.4833,75.29,87,100,17.6
535,535,Sai Buri,TH,2021-11-27 18:25:26,6.7013,101.6168,77.14,87,100,5.99
536,536,Santiago Del Estero,AR,2021-11-27 18:25:27,-27.7951,-64.2615,97.23,23,5,17.85
537,537,Iraucuba,BR,2021-11-27 18:25:27,-3.7461,-39.7833,97.68,27,62,11.23
538,538,Kahului,US,2021-11-27 18:25:28,20.8947,-156.47,74.46,56,20,0.0
539,539,Flinders,AU,2021-11-27 18:25:28,-34.5833,150.8552,56.48,86,100,13.09
540,540,Tongchuan,CN,2021-11-27 18:25:29,35.0806,109.0897,39.74,66,73,3.2
541,541,Honiara,SB,2021-11-27 18:25:29,-9.4333,159.95,77.23,86,91,3.78
542,542,Khash,IR,2021-11-27 18:25:30,28.2211,61.2158,53.51,37,0,4.0
543,543,Petropavlovsk-Kamchatskiy,RU,2021-11-27 18:25:30,53.0452,158.6483,21.79,68,75,6.71
544,544,Marataizes,BR,2021-11-27 18:25:31,-21.0433,-40.8244,79.43,73,100,5.61
545,545,Serravalle Pistoiese,IT,2021-11-27 18:25:31,43.9061,10.8327,52.72,92,96,1.97
546,546,Deputatskiy,RU,2021-11-27 18:25:32,69.3,139.9,-11.61,89,100,1.3
547,547,Ligayan,PH,2021-11-27 18:25:32,4.6533,119.4706,82.54,75,84,5.68
548,548,Preili,LV,2021-11-27 18:25:33,56.2944,26.7246,32.38,98,100,6.89
549,549,Bingawan,PH,2021-11-27 18:25:33,11.233,122.5672,75.38,93,72,4.45
550,550,General Pico,AR,2021-11-27 18:25:34,-35.6566,-63.7568,68.7,75,100,16.33
551,551,Pauini,BR,2021-11-27 18:25:34,-7.7136,-66.9764,92.75,48,97,1.9
552,552,Lucban,PH,2021-11-27 18:25:35,14.1133,121.5569,71.85,94,90,6.55
553,553,Hurghada,EG,2021-11-27 18:25:35,27.2574,33.8129,69.84,56,0,4.61
554,554,Santa Quiteria Do Maranhao,BR,2021-11-27 18:25:36,-3.5156,-42.5467,88.23,54,82,2.01
555,555,Lerwick,GB,2021-11-27 18:25:36,60.1545,-1.1494,37.4,59,89,19.13
556,556,Kashima,JP,2021-11-27 18:25:37,33.1061,130.0906,40.71,61,0,7.05
557,557,Puerto Escondido,MX,2021-11-27 18:25:37,15.85,-97.0667,83.23,69,1,3.44
558,558,Skibbereen,IE,2021-11-27 18:25:38,51.55,-9.2667,39.0,71,77,11.88
559,559,Boyolangu,ID,2021-11-27 18:25:38,-8.1181,111.8935,76.32,92,100,3.15
560,560,Semnan,IR,2021-11-27 18:25:39,35.5729,53.3971,50.56,52,2,4.18
561,561,Isaka,TZ,2021-11-27 18:25:39,-3.9,32.9333,70.43,70,82,4.45
562,562,Paamiut,GL,2021-11-27 18:25:40,61.994,-49.6678,39.34,92,100,11.86
563,563,Copiapo,CL,2021-11-27 18:25:07,-27.3667,-70.3333,67.69,22,0,10.04
564,564,Avallon,FR,2021-11-27 18:23:52,47.4833,3.9,36.09,96,100,12.1
565,565,Bonthe,SL,2021-11-27 18:25:40,7.5264,-12.505,83.19,72,69,10.33
566,566,Tiznit,MA,2021-11-27 18:25:32,29.5833,-9.5,53.2,76,48,23.87
567,567,Garoua,CM,2021-11-27 18:25:41,9.3,13.4,81.0,32,0,2.3
568,568,Henderson,US,2021-11-27 18:20:53,36.0397,-114.9819,64.74,9,1,0.0
569,569,Kununurra,AU,2021-11-27 18:24:17,-15.7667,128.7333,78.78,78,47,0.0
570,570,Itarema,BR,2021-11-27 18:25:42,-2.9248,-39.9167,87.06,58,57,14.83
571,571,Kolda,SN,2021-11-27 18:25:43,12.8833,-14.95,91.71,46,0,4.61
572,572,Teguldet,RU,2021-11-27 18:25:43,57.3064,88.1667,19.35,92,100,13.02
